{"kind":"Event","apiVersion":"audit.k8s.io/v1","level":"RequestResponse","auditID":"0424ec62-25e5-4fed-83c0-b7dc5e3e49e5","stage":"ResponseComplete","requestURI":"/api/v1/namespaces/ns3/pods","verb":"create","user":{"username":"admin","uid":"admin","groups":["system:masters","system:authenticated"]},"sourceIPs":["98.207.36.92"],"userAgent":"kubectl/v1.17.4 (darwin/amd64) kubernetes/8d8aa39","objectRef":{"resource":"pods","namespace":"ns3","name":"pod-3","apiVersion":"v1"},"responseStatus":{"metadata":{},"code":201},"requestObject":{"kind":"Pod","apiVersion":"v1","metadata":{"name":"pod-3","namespace":"ns3","creationTimestamp":null,"annotations":{"kubectl.kubernetes.io/last-applied-configuration":"{\"apiVersion\":\"v1\",\"kind\":\"Pod\",\"metadata\":{\"annotations\":{},\"name\":\"pod-3\",\"namespace\":\"ns3\"},\"spec\":{\"containers\":[{\"command\":[\"sh\",\"-c\",\"echo 'this is echo' \\u0026\\u0026 sleep 1h\"],\"image\":\"busybox\",\"name\":\"echo\"}]}}\n"}},"spec":{"containers":[{"name":"echo","image":"busybox","command":["sh","-c","echo 'this is echo' \u0026\u0026 sleep 1h"],"resources":{},"terminationMessagePath":"/dev/termination-log","terminationMessagePolicy":"File","imagePullPolicy":"Always"}],"restartPolicy":"Always","terminationGracePeriodSeconds":30,"dnsPolicy":"ClusterFirst","securityContext":{},"schedulerName":"default-scheduler","enableServiceLinks":true},"status":{}},"responseObject":{"kind":"Pod","apiVersion":"v1","metadata":{"name":"pod-3","namespace":"ns3","selfLink":"/api/v1/namespaces/ns3/pods/pod-3","uid":"bf57dfdc-934e-11ea-9c3b-0238a8c92993","resourceVersion":"3358","creationTimestamp":"2020-05-11T06:15:01Z","annotations":{"kubectl.kubernetes.io/last-applied-configuration":"{\"apiVersion\":\"v1\",\"kind\":\"Pod\",\"metadata\":{\"annotations\":{},\"name\":\"pod-3\",\"namespace\":\"ns3\"},\"spec\":{\"containers\":[{\"command\":[\"sh\",\"-c\",\"echo 'this is echo' \\u0026\\u0026 sleep 1h\"],\"image\":\"busybox\",\"name\":\"echo\"}]}}\n"}},"spec":{"volumes":[{"name":"default-token-928tv","secret":{"secretName":"default-token-928tv","defaultMode":420}}],"containers":[{"name":"echo","image":"busybox","command":["sh","-c","echo 'this is echo' \u0026\u0026 sleep 1h"],"resources":{},"volumeMounts":[{"name":"default-token-928tv","readOnly":true,"mountPath":"/var/run/secrets/kubernetes.io/serviceaccount"}],"terminationMessagePath":"/dev/termination-log","terminationMessagePolicy":"File","imagePullPolicy":"Always"}],"restartPolicy":"Always","terminationGracePeriodSeconds":30,"dnsPolicy":"ClusterFirst","serviceAccountName":"default","serviceAccount":"default","securityContext":{},"schedulerName":"default-scheduler","tolerations":[{"key":"node.kubernetes.io/not-ready","operator":"Exists","effect":"NoExecute","tolerationSeconds":300},{"key":"node.kubernetes.io/unreachable","operator":"Exists","effect":"NoExecute","tolerationSeconds":300}],"priority":0,"enableServiceLinks":true},"status":{"phase":"Pending","qosClass":"BestEffort"}},"requestReceivedTimestamp":"2020-05-11T06:15:01.514057Z","stageTimestamp":"2020-05-11T06:15:01.518946Z","annotations":{"authorization.k8s.io/decision":"allow","authorization.k8s.io/reason":""}}
