{"kind":"Event","apiVersion":"audit.k8s.io/v1","level":"Metadata","auditID":"c38408b4-23f7-4942-bcd7-d9019ae2e8ea","stage":"ResponseComplete","requestURI":"/api/v1/namespaces/ns1/pods","verb":"create","user":{"username":"admin","uid":"admin","groups":["system:masters","system:authenticated"]},"sourceIPs":["98.207.36.92"],"userAgent":"kubectl/v1.17.4 (darwin/amd64) kubernetes/8d8aa39","objectRef":{"resource":"pods","namespace":"ns1","name":"pod-1","apiVersion":"v1"},"responseStatus":{"metadata":{},"code":201},"requestReceivedTimestamp":"2020-04-08T16:32:36.125094Z","stageTimestamp":"2020-04-08T16:32:36.136498Z","annotations":{"authorization.k8s.io/decision":"allow","authorization.k8s.io/reason":""}}
{"kind":"Event","apiVersion":"audit.k8s.io/v1","level":"Request","auditID":"1a7c78f0-bc92-44ff-bb50-87f61241db73","stage":"ResponseComplete","requestURI":"/api/v1/namespaces/ns2/configmaps","verb":"create","user":{"username":"admin","uid":"admin","groups":["system:masters","system:authenticated"]},"sourceIPs":["98.207.36.92"],"userAgent":"kubectl/v1.17.4 (darwin/amd64) kubernetes/8d8aa39","objectRef":{"resource":"configmaps","namespace":"ns2","name":"cm-2","apiVersion":"v1"},"responseStatus":{"metadata":{},"code":201},"requestObject":{"kind":"ConfigMap","apiVersion":"v1","metadata":{"name":"cm-2","namespace":"ns2","creationTimestamp":null,"annotations":{"kubectl.kubernetes.io/last-applied-configuration":"{\"apiVersion\":\"v1\",\"data\":{\"secret\":\"\\\"xxx\\\"\"},\"kind\":\"ConfigMap\",\"metadata\":{\"annotations\":{},\"name\":\"cm-2\",\"namespace\":\"ns2\"}}\n"}},"data":{"secret":"\"xxx\""}},"requestReceivedTimestamp":"2020-04-08T16:32:36.399597Z","stageTimestamp":"2020-04-08T16:32:36.403499Z","annotations":{"authorization.k8s.io/decision":"allow","authorization.k8s.io/reason":""}}
{"kind":"Event","apiVersion":"audit.k8s.io/v1","level":"RequestResponse","auditID":"b46bced3-5c91-4159-9657-f7b4322b884e","stage":"ResponseComplete","requestURI":"/api/v1/namespaces/ns3/secrets","verb":"create","user":{"username":"admin","uid":"admin","groups":["system:masters","system:authenticated"]},"sourceIPs":["98.207.36.92"],"userAgent":"kubectl/v1.17.4 (darwin/amd64) kubernetes/8d8aa39","objectRef":{"resource":"secrets","namespace":"ns3","name":"secret-3","apiVersion":"v1"},"responseStatus":{"metadata":{},"code":201},"requestObject":{"kind":"Secret","apiVersion":"v1","metadata":{"name":"secret-3","namespace":"ns3","creationTimestamp":null,"annotations":{"kubectl.kubernetes.io/last-applied-configuration":"{\"apiVersion\":\"v1\",\"data\":{\"secret\":\"eXl5Cg==\"},\"kind\":\"Secret\",\"metadata\":{\"annotations\":{},\"name\":\"secret-3\",\"namespace\":\"ns3\"},\"type\":\"Opaque\"}\n"}},"data":{"secret":"eXl5Cg=="},"type":"Opaque"},"responseObject":{"kind":"Secret","apiVersion":"v1","metadata":{"name":"secret-3","namespace":"ns3","selfLink":"/api/v1/namespaces/ns3/secrets/secret-3","uid":"8e4f4dd6-79b6-11ea-a056-0a39f00d8287","resourceVersion":"134185","creationTimestamp":"2020-04-08T16:32:36Z","annotations":{"kubectl.kubernetes.io/last-applied-configuration":"{\"apiVersion\":\"v1\",\"data\":{\"secret\":\"eXl5Cg==\"},\"kind\":\"Secret\",\"metadata\":{\"annotations\":{},\"name\":\"secret-3\",\"namespace\":\"ns3\"},\"type\":\"Opaque\"}\n"}},"data":{"secret":"eXl5Cg=="},"type":"Opaque"},"requestReceivedTimestamp":"2020-04-08T16:32:36.678782Z","stageTimestamp":"2020-04-08T16:32:36.682243Z","annotations":{"authorization.k8s.io/decision":"allow","authorization.k8s.io/reason":""}}
